Population,Plant_ID,plant_id,flower_id,Flower_id,Petal_width_mm,Petal_length_mm,nectar_μl,Date,Comments,Corola_area_mm2
Aal04,1,2,9,1,NA,NA,0.06128125,2/25/20,,NA
Aal04,1,2,74,2,2.793,4.413,0.04434375,2/27/20,,38.722
Aal04,1,2,75,3,3.73,5.217,0,2/27/20,,61.133
Aal04,2,27,59,1,3.377,5.378,0.0924375,2/26/20,,57.056
Aal04,2,27,105,2,3.752,4.96,0,2/28/20,,58.465
Aal04,2,27,106,3,3.123,4.362,0.02325,2/28/20,mostly bubbles,42.796
Aal04,3,30,90,1,NA,NA,0.0895625,2/27/20,,NA
Aal04,3,30,91,2,NA,NA,0.0709375,2/27/20,,NA
Aal04,3,30,92,3,NA,NA,0.04053125,2/27/20,nectar finishes at bubble,NA
Aal04,4,31,209,1,4.236,5.12,0.14146875,3/3/20,,68.136
Aal04,4,31,210,2,4.529,5.013,0.1665625,3/3/20,,71.326
Aal04,4,31,211,3,4.519,4.977,0.12646875,3/3/20,,70.658
Aal04,5,45,93,1,NA,NA,0.13834375,2/27/20,,NA
Aal04,5,45,112,2,NA,NA,0.0838125,2/28/20,,NA
Aal04,5,45,113,3,NA,NA,0.06090625,2/28/20,,NA
Aal04,6,46,94,1,5.096,5.438,0.13509375,2/27/20,,87.06
Aal04,6,46,95,2,NA,NA,0.03225,2/27/20,,NA
Aal04,6,46,115,3,3.502,4.867,0.05034375,2/28/20,,53.546
Aal04,7,47,97,1,NA,NA,0.02634375,2/27/20,vln,NA
Aal04,7,47,116,2,2.929,3.719,0.021875,2/28/20,,34.221
Aal04,7,47,117,3,NA,NA,0.01171875,2/28/20,,NA
Aal04,8,52,125,1,NA,NA,0.0439375,2/28/20,,NA
Aal04,8,52,126,2,2.791,4.882,0.0245625,2/28/20,,42.806
Aal04,8,52,127,3,NA,NA,0,2/28/20,,NA
Aal04,9,54,131,1,4.621,6.423,0.04709375,2/28/20,,93.245
Aal04,9,54,132,2,4.038,5.255,0.103,2/28/20,,66.664
Aal04,9,54,133,3,4.655,5.851,0.06346875,2/28/20,good pic,85.566
Aal04,10,115,342,1,4.115,4.707,0.07240625,3/6/20,,60.85
Aal04,10,115,343,2,4.742,5.384,0.1418125,3/6/20,,80.208
Aal04,10,115,344,3,4.078,4.567,0.13975,3/6/20,,58.51
Aal12,1,8,5,1,2.82,3.756,0.09428125,2/25/20,good pic,33.275
Aal12,1,8,6,2,2.991,2.999,0.05309375,2/25/20,,28.18
Aal12,1,8,71,3,3.278,4.295,0.087375,2/27/20,,44.23
Aal12,2,18,66,1,3.957,4.794,0.1341875,2/26/20,,59.596
Aal12,2,18,67,2,3.38,4.096,0.0404375,2/26/20,,43.494
Aal12,2,18,68,3,3.17,3.884,0.01575,2/26/20,,38.68
Aal12,3,34,48,1,3.166,4.296,0.064,2/26/20,,42.729
Aal12,3,34,49,2,3.789,4.84,0.1008125,2/26/20,,57.613
Aal12,3,34,50,3,3.875,4.84,0.08503125,2/26/20,,58.921
Aal12,4,35,42,1,3.243,3.826,0.063,2/26/20,,38.98
Aal12,4,35,43,2,3.258,4.642,0.129125,2/26/20,,47.512
Aal12,4,35,44,3,2.993,4.281,0.088125,2/26/20,,40.253
Aal12,5,40,33,1,3.518,4.351,0.05334375,2/26/20,,48.088
Aal12,5,40,34,2,3.708,4.361,0.0791875,2/26/20,,50.801
Aal12,5,40,35,3,3.965,4.878,0.045875,2/26/20,,60.762
Aal12,6,61,148,1,3.374,3.378,0.0364375,2/28/20,,35.806
Aal12,6,61,149,2,4.104,4.348,0.02353125,2/28/20,,56.059
Aal12,6,61,150,3,3.637,4.149,0.07503125,2/28/20,,47.406
Aal12,7,62,178,1,3.921,4.645,0.083,3/2/20,,57.218
Aal12,7,62,179,2,3.965,4.721,0.07284375,3/2/20,,58.807
Aal12,8,87,287,1,NA,NA,0.051125,3/4/20,,NA
Aal12,8,87,288,2,4.19,5.555,0.0374375,3/4/20,,73.122
Aal12,8,87,289,3,3.622,4.974,0.00809375,3/4/20,,56.598
Aal12,9,106,312,1,4.045,5.446,0.0195625,3/4/20,,69.206
Aal12,9,106,313,2,4.519,6.305,0.06903125,3/4/20,good pic (f),89.511
Aal12,9,106,314,3,4.529,5.839,0.0364375,3/4/20,,83.079
Aal12,10,114,339,1,3.629,5.058,0.02375,3/6/20,Kajsa,57.665
Aal12,10,114,340,2,3.243,4.745,0.03315625,3/6/20,,48.343
Aal12,10,114,341,3,3.717,4.262,0.0130625,3/6/20,vln,49.769
Aal12,11,166,471,1,3.56,4.737,0,3/12/20,,52.979
Aal12,11,166,472,2,3.293,4.27,0,3/12/20,,44.174
Aal12,11,166,473,3,3.242,4.36,0,3/12/20,,44.407
Aal29,1,56,135,1,3.325,4.121,0.04521875,2/28/20,,43.047
Aal29,1,56,136,2,3.209,4.702,0.047625,2/28/20,,47.403
Aal29,1,56,137,3,3.238,5.064,0.0625,2/28/20,,51.513
Aal29,2,57,138,1,2.974,4.307,0.023625,2/28/20,,40.241
Aal29,2,57,139,2,2.979,4.46,0.02590625,2/28/20,,41.74
Aal29,2,57,140,3,3.515,3.888,0.0090625,2/28/20,,42.934
Aal29,3,79,198,1,3.917,4.592,0.032125,3/2/20,,56.507
Aal29,3,79,199,2,3.78,5.534,0.06771875,3/2/20,,65.717
Aal29,3,79,200,3,3.17,4.609,0.03471875,3/2/20,,45.9
Aal29,4,90,261,1,3.932,5.366,0.09415625,3/3/20,,66.285
Aal29,4,90,262,2,4.096,5.673,0.0610625,3/3/20,,73
Aal29,4,90,263,3,4.057,4.741,0.06821875,3/3/20,,60.426
Aal29,5,109,321,1,3.701,4.979,0.06590625,3/4/20,,57.891
Aal29,5,109,322,2,3.87,4.4,0.05421875,3/4/20,,53.495
Aal29,5,109,323,3,3.638,4.211,0.055125,3/4/20,,48.128
Aal29,6,113,336,1,3.113,5.09,0.00728125,3/6/20,Kajsa,49.779
Aal29,6,113,337,2,3.454,5.361,0.00809375,3/6/20,Kajsa +vln,58.172
Aal29,6,113,338,3,2.997,4.985,0.025875,3/6/20,Kajsa,46.935
Aal29,7,126,370,1,3.309,5.238,0.0640625,3/6/20,,54.452
Aal29,7,126,371,2,2.938,4.262,0,3/6/20,,39.338
Aal29,7,126,372,3,3.021,4.32,0,3/6/20,,41
Aal29,8,154,421,1,3.338,4.018,0.02590625,3/11/20,,42.135
Aal29,8,154,422,2,3.277,4.419,0.03609375,3/11/20,,45.494
Aal29,8,154,423,3,3.132,3.614,0.02590625,3/11/20,,35.56
Aal29,9,156,430,1,2.469,3.639,0,3/11/20,,28.226
Aal29,9,156,431,2,2.528,3.664,0.0081875,3/11/20,,29.099
Aal29,9,156,432,3,2.645,3.846,0.02421875,3/11/20,,31.958
Aal29,10,158,394,1,2.407,3.563,0.01121875,3/11/20,vln,26.943
Aal29,10,158,395,2,2.487,3.798,0.02871875,3/11/20,,29.674
Aal29,10,158,396,3,2.686,4.195,0.03525,3/11/20,,35.399
Aal29,11,185,526,1,2.865,5.165,0.04321875,3/13/20,,46.488
Aal29,11,185,527,2,2.194,3.399,0,3/13/20,,23.428
Aal29,11,185,528,3,3.082,5.133,0.06503125,3/13/20,,49.7
Aal29,11,185,536,1,3.063,3.948,0.01446875,3/13/20,,37.99
Aal29,11,185,537,2,2.729,4.033,0.05490625,3/13/20,,34.577
Aal29,11,185,538,3,3.077,3.925,0.0386875,3/13/20,,37.942
Aal29,12,192,551,1,2.924,4.341,0.06615625,3/13/20,,39.876
Aal29,12,192,552,2,3.802,3.802,0,3/13/20,,45.412
Aal29,12,192,553,3,2.416,3.262,0.00646875,3/13/20,vln,24.759
Aal29,13,196,557,1,3.389,4.74,0.04103125,3/13/20,,50.466
Aal29,13,196,558,2,3.268,4.457,0.0160625,3/13/20,,45.759
Aal29,13,196,559,3,3.461,4.572,0.02871875,3/13/20,,49.712
Aal34c,1,3,7,1,4.298,3.893,0.00559375,2/25/20,,52.565
Aal34c,1,3,8,2,4.249,4.213,0.00721875,2/25/20,,56.238
Aal34c,1,3,73,3,4.689,4.435,0.0348125,2/27/20,,65.332
Aal34c,2,6,10,1,2.764,3.132,0,2/25/20,,27.196
Aal34c,2,6,76,2,3.242,3.951,0.0465,2/27/20,,40.241
Aal34c,2,6,77,3,NA,NA,0.02909375,2/27/20,,NA
Aal34c,3,11,162,1,3.368,3.996,,3/2/20,accidently skiped nectar,42.281
Aal34c,3,11,229,2,2.669,4.07,0.02415625,3/3/20,,34.127
Aal34c,3,11,230,3,3.308,3.875,0.01440625,3/3/20,,40.27
Aal34c,4,13,22,1,3.112,3.837,0.054125,2/25/20,,37.513
Aal34c,4,13,23,2,3.335,4.247,0.043875,2/25/20,,44.497
Aal34c,4,13,24,3,4.082,4.789,0.01465625,2/25/20,,61.414
Aal34c,5,15,27,1,3.447,4.546,0.023875,2/25/20,,49.229
Aal34c,5,15,28,2,3.544,4.487,0.043375,2/25/20,,49.957
Aal34c,5,15,29,3,NA,NA,0.029125,2/25/20,,NA
Aal34c,6,16,13,1,3.556,4.558,0.09953125,2/25/20,,50.92
Aal34c,6,16,14,2,3.639,4.721,0.05296875,2/25/20,,53.972
Aal34c,6,16,15,3,3.156,4.204,0.03178125,2/25/20,,41.682
Aal34c,7,17,16,1,3.67,3.973,0.0535625,2/25/20,,45.807
Aal34c,7,17,17,2,3.114,4.255,0.03378125,2/25/20,,41.626
Aal34c,7,17,109,3,2.571,3.999,0,2/28/20,,32.3
Aal34c,8,25,51,1,3.672,4.137,0.0503125,2/26/20,,47.724
Aal34c,8,25,52,2,3.618,3.635,0.022375,2/26/20,,41.316
Aal34c,8,25,101,3,3.733,4.238,0.07021875,2/28/20,fruit is developing + vln,49.701
Aal34c,9,26,213,1,2.983,4.453,0.0238125,3/3/20,,41.731
Aal34c,9,26,214,2,3.469,4.131,0.074875,3/3/20,,45.02
Aal34c,9,26,329,3,3.244,4.147,0.0074375,3/6/20,Kajsa +vln,42.263
Aal34c,10,33,45,1,4.264,4.784,0.06675,2/26/20,,64.085
Aal34c,10,33,46,2,4.283,4.579,0.02103125,2/26/20,,61.612
Aal34c,10,33,47,3,3.7,4.6,0,2/26/20,,53.47
Aal34c,11,37,39,1,3.594,3.597,0.0318125,2/26/20,,40.613
Aal34c,11,37,40,2,3.303,4.234,0.0530625,2/26/20,,43.935
Aal34c,11,37,41,3,3.291,4.399,0.037125,2/26/20,,45.481
Aal34c,12,39,36,1,3.736,4.041,0.0020625,2/26/20,,47.429
Aal34c,12,39,37,2,3.499,3.506,0,2/26/20,,38.539
Aal34c,12,39,38,3,3.962,4.661,0.0479375,2/26/20,,58.015
Aal34c,13,41,30,1,3.297,3.665,0.0190625,2/26/20,,37.961
Aal34c,13,41,31,2,3.146,3.562,0.00975,2/26/20,,35.205
Aal34c,13,41,32,3,3.448,4.192,0.04759375,2/26/20,,45.409
Aal34c,14,42,100,1,3.527,3.84,0,2/28/20,,42.549
Aal34c,14,42,163,2,3.775,4.605,0.05478125,3/2/20,,54.613
Aal34c,14,42,232,3,3.655,4.447,0.03196875,3/3/20,,51.063
Aal34c,14,42,233,4,3.468,4.226,0.01371875,3/3/20,,46.042
Aal34c,15,97,282,1,2.781,3.831,0.009125,3/4/20,vln,33.471
Aal34c,15,97,283,2,3.618,4.298,0.00321875,3/4/20,Vln,48.852
Aal34c,15,97,284,3,3.104,4.027,0,3/4/20,,39.269
Aal36,1,71,327,1,5.206,4.974,0.02115625,3/6/20,Kajsa,81.35
Aal36,1,71,328,2,4.647,4.669,0,3/6/20,Kajsa,68.163
Aal36,1,71,448,3,4.852,4.659,0.0228125,3/11/20,,71.017
Aal36,2,189,548,1,2.895,3.671,0.034625,3/13/20,,33.387
Aal36,2,189,549,2,3.1,4.06,0.00303125,3/13/20,vln,39.54
Aal36,2,189,550,3,NA,NA,0,3/13/20,,NA
Aal36,3,229,661,1,2.727,3.593,0,3/16/20,photos in Magne's computer,30.782
Aal36,3,229,662,2,2.808,3.611,0.0709375,3/16/20,,31.855
Aal36,3,229,663,3,3.107,3.938,0.0811875,3/16/20,,38.439
Aal36,4,230,664,1,3.14,4.548,0.0088125,3/16/20,,44.864
Aal36,4,230,665,2,3.305,4.62,0,3/16/20,,47.969
Aal36,4,230,666,3,3.211,4.714,0,3/16/20,,47.553
Aal36,5,231,667,1,2.93,4.028,0.0349375,3/16/20,,37.077
Aal36,5,231,668,2,2.969,4.24,0.03053125,3/16/20,,39.548
Aal36,5,231,669,3,3.187,4.317,0.0315625,3/16/20,,43.223
Aal36,6,232,670,1,3.699,5.02,0.09684375,3/16/20,,58.336
Aal36,6,232,671,2,3.401,5.296,0.01115625,3/16/20,,56.585
Aal36,6,232,672,3,3.46,5.184,0,3/16/20,,56.35
Aal36,7,233,673,1,2.756,4.025,0,3/16/20,,34.849
Aal36,7,233,674,2,3.027,4.164,0.011125,3/16/20,,39.598
Aal36,7,233,675,3,3.187,4.014,0.0153125,3/16/20,,40.189
Aal36,8,234,676,1,3.847,4.2,0.0563125,3/16/20,,50.76
Aal36,8,234,677,2,3.689,3.912,0.01715625,3/16/20,,45.337
Aal36,8,234,678,3,3.393,4.181,0.0031875,3/16/20,vln,44.567
AalDMA,1,227,655,1,2.996,3.362,0.01890625,3/15/20,vln,31.644
AalDMA,1,227,656,2,3.118,3.569,0.02090625,3/15/20,,34.96
AalDMA,1,227,657,3,2.54,3.001,0.01196875,3/15/20,,23.947
AalDMB,1,188,545,1,3.252,3.399,0,3/13/20,,34.726
AalDMB,1,188,546,2,3.394,4.05,0,3/13/20,,43.183
AalDMB,1,188,547,3,3.089,3.446,0,3/13/20,,33.441
AalDMB,2,191,560,1,3.332,3.914,0.0204375,3/13/20,,40.971
AalDMB,2,191,561,2,3.459,3.541,0.0158125,3/13/20,,38.479
AalDMB,2,191,562,3,3.008,3.211,0.011875,3/13/20,vln,30.344
AalDMB,3,226,652,1,3.299,3.576,0.04665625,3/15/20,,37.062
AalDMB,3,226,653,2,3.26,3.84,0.03840625,3/15/20,,39.328
AalDMB,3,226,654,3,3.238,3.459,0.055,3/15/20,,35.187
AalDMB,4,228,658,1,3.362,3.224,0.04796875,3/15/20,,34.052
AalDMB,4,228,659,2,3.653,3.724,0.034875,3/15/20,,42.737
AalDMB,4,228,660,3,3.281,3.558,0.0045,3/15/20,vln,36.674
AalDMB,5,235,679,1,3.525,3.444,0.02921875,3/16/20,,38.139
AalDMB,5,235,680,2,3.393,3.622,0.03215625,3/16/20,,38.608
AalDMB,5,235,681,3,2.934,3.722,0.0058125,3/16/20,,34.307
AalDMB,6,242,687,1,3.097,3.782,0.01671875,3/16/20,,36.797
AalDMB,6,242,688,2,3.483,4.459,0.0876875,3/16/20,,48.791
AalDMB,6,242,689,3,2.641,3.259,0,3/16/20,,27.04
AalDMB,7,249,721,1,2.93,2.884,0.00521875,3/17/20,vln,26.547
AalDMB,7,249,722,2,3.217,3.532,0.00525,3/17/20,vln,35.696
AalDMB,7,249,723,3,3.362,3.944,0.01471875,3/17/20,vln,41.657
AalDMB,8,260,752,1,2.969,3.678,0.00871875,3/17/20,,34.306
AalDMB,8,260,753,2,3.134,3.589,0.01078125,3/17/20,,35.336
AalDMB,8,260,754,3,3.133,3.641,NA,3/17/20,,35.837
AalFC,1,12,174,1,3.198,2.87,0.03,3/2/20,,28.834
AalFC,1,12,175,2,3.501,3.001,0.00803125,3/2/20,,33.007
AalFC,1,12,234,3,4.056,3.824,0.0504375,3/3/20,,48.727
AalFC,1,12,235,4,3.502,3.559,0,3/3/20,,39.156
AalFC,1,12,236,5,3.548,3.441,0.02540625,3/3/20,,38.355
AalFC,2,14,88,1,4.195,3.924,0,2/27/20,,51.714
AalFC,2,14,89,2,2.979,4.537,0.02053125,2/27/20,,42.461
AalFC,2,14,111,3,4.103,4.765,0,2/28/20,fruit is developing,61.421
AalFC,3,36,184,1,3.301,3.797,0.0853125,3/2/20,,39.376
AalFC,3,36,185,2,3.501,3.384,0.0211875,3/2/20,,37.22
AalFC,3,36,186,3,3.131,3.633,0.03221875,3/2/20,,35.735
AalFC,4,124,345,1,3.945,4.045,0.0893125,3/6/20,,50.132
AalFC,4,124,346,2,3.934,3.78,0.0729375,3/6/20,,46.717
AalFC,4,124,347,3,3.289,3.452,0.06103125,3/6/20,,35.668
AalFC,5,139,412,1,3.115,3.058,0.0389375,3/11/20,,29.926
AalFC,5,139,413,2,3.153,3.441,0.02296875,3/11/20,,34.085
AalFC,5,139,414,3,3.072,3.929,0,3/11/20,,37.919
AalFC,6,142,373,1,4.187,3.796,0.02378125,3/6/20,,49.932
AalFC,6,142,374,2,3.925,3.912,0.02778125,3/6/20,,48.238
AalFC,6,142,375,3,3.165,4.176,0,3/11/20,,41.523
AalFC,7,144,400,1,3.01,3.417,0.00253125,3/11/20,Hampus started too + vln,32.312
AalFC,7,144,401,2,2.479,3.192,0,3/11/20,,24.859
AalFC,7,144,402,3,3.22,3.934,0.00459375,3/11/20,,39.796
AalFC,8,145,379,1,3.263,3.317,0.00971875,3/11/20,vln,34.003
AalFC,8,145,380,2,3.583,3.793,0.00403125,3/11/20,vln,42.695
AalFC,8,145,381,3,3.371,3.717,0.01003125,3/11/20,vln,39.364
AalFC,9,146,403,1,3.437,3.937,0.05521875,3/11/20,,42.51
AalFC,9,146,404,2,3.118,3.315,0,3/11/20,vln,32.472
AalFC,9,146,405,3,3.737,4.072,0.0370625,3/11/20,,47.806
AalFC,10,153,418,1,2.671,3.209,0.01796875,3/11/20,,26.927
AalFC,10,153,419,2,3.017,3.507,0.019875,3/11/20,,33.24
AalFC,10,153,420,3,3.216,3.148,0.0191875,3/11/20,,31.805
AalFC,11,159,397,1,3.405,3.663,0.03309375,3/11/20,,39.184
AalFC,11,159,398,2,2.835,3.699,0,3/11/20,,32.945
AalFC,11,159,399,3,3.433,3.844,0.0333125,3/11/20,,41.458
AalPB,1,20,20,1,2.736,3.224,0.01759375,2/25/20,,27.712
AalPB,1,20,21,2,3.368,4.388,0.0728125,2/25/20,,46.429
AalPB,1,20,85,3,3.341,4.12,0.04396875,2/27/20,,43.244
AalPB,2,38,218,1,4.145,5.005,0.04384375,3/3/20,might be missing nectar photo,65.175
AalPB,2,38,219,2,4.183,4.667,0.04709375,3/3/20,,61.33
AalPB,2,38,220,3,3.75,4.078,0.0351875,3/3/20,,48.043
AalPB,3,137,391,1,3.076,4.116,0.0135625,3/11/20,,39.775
AalPB,3,137,392,2,3.447,4.179,0.02159375,3/11/20,,45.255
AalPB,3,137,393,3,2.814,3.589,0,3/11/20,,31.728
AalPB,4,147,382,1,3.378,4.743,0.04175,3/11/20,,50.334
AalPB,4,147,383,2,2.849,4.455,0,3/11/20,,39.874
AalPB,4,147,384,3,2.678,3.668,0,3/11/20,,30.86
AalPB,5,167,477,1,2.576,3.597,,3/12/20,lost the microcap + strange flower,29.11
AalPB,5,167,478,2,NA,NA,0.0105,3/12/20,strange flower,NA
AalPB,5,167,479,3,NA,NA,0.0501875,3/12/20,strange flower,NA
AalPB,6,282,813,1,2.721,2.506,0,3/19/20,,21.422
AalPB,6,282,814,2,2.505,2.854,0,3/19/20,,22.46
AalPB,6,282,815,3,2.475,2.756,0.02353125,3/19/20,,21.429
AalSFH,1,9,3,1,3.331,4.709,0.02971875,2/25/20,test,49.278
AalSFH,1,9,4,2,2.757,3.417,0,2/25/20,,29.596
AalSFH,1,9,72,3,3.083,4.246,0.0350625,2/27/20,,41.125
AalSFH,2,10,1,1,3.008,4.366,0,2/25/20,test,41.258
AalSFH,2,10,2,2,NA,NA,0,2/25/20,test,NA
AalSFH,2,10,70,3,2.927,4.423,0,2/27/20,maybe affected by the cold,40.671
AalSFH,3,19,110,1,3.108,2.994,0,2/28/20,,29.234
AalSFH,3,19,207,2,2.917,3.666,0.01075,3/3/20,vln,33.595
AalSFH,3,19,208,3,2.989,4.114,0.03621875,3/3/20,,38.631
AalSFH,4,22,25,1,2.912,4.266,0.01153125,2/25/20,,39.027
AalSFH,4,22,26,2,2.86,2.76,0.0279375,2/25/20,,24.798
AalSFH,4,22,87,3,3.265,4.294,0.0146875,2/27/20,vln,44.045
AalSFH,5,43,65,1,3.369,4.293,0.08440625,2/26/20,,45.437
AalSFH,5,43,107,2,3.33,4.525,0.049875,2/28/20,,47.338
AalSFH,5,43,108,3,3.2,4.047,0,2/28/20,,40.685
AalSFH,6,119,357,1,3.842,5.025,0.004125,3/6/20,vln,60.652
AalSFH,6,119,358,2,3.882,4.907,0.02253125,3/6/20,,59.844
AalSFH,6,119,359,3,4.151,4.702,0.03171875,3/6/20,,61.318
AalSFH,7,122,364,1,3.714,5.035,0.02184375,3/6/20,,58.748
AalSFH,7,122,365,2,4.338,5.426,0.04978125,3/6/20,,73.947
AalSFH,8,195,565,1,2.981,3.555,0,3/13/20,,33.293
AalSFH,8,195,566,2,3.533,3.974,0.01253125,3/13/20,vln,44.108
AalSFH,8,195,567,3,3.305,3.973,0,3/13/20,,41.251
E3,1,111,330,1,3.536,4.427,0.01653125,3/6/20,Kajsa,49.178
E3,1,111,331,2,3.665,5.029,0.0396875,3/6/20,Kajsa + developed fruit,57.904
E3,1,111,438,3,3.048,4.043,0,3/11/20,,38.714
E3,2,123,366,1,4.062,4.381,0.008875,3/6/20,vln + good pic (f),55.907
E3,2,123,367,2,3.881,4.74,0.01328125,3/6/20,,57.793
E3,2,123,368,3,4.001,5.527,0.01909375,3/6/20,,69.472
E3,3,127,439,1,3.834,3.792,0.03028125,3/11/20,,45.674
E3,3,127,440,2,3.485,4.034,0.01028125,3/11/20,,44.166
E3,3,127,441,3,3.75,5.097,0.05325,3/11/20,,60.048
E3,4,129,445,1,3.114,4.474,0.063625,3/11/20,,43.769
E3,4,129,446,2,2.747,3.861,0.01025,3/11/20,,33.32
E3,4,129,447,3,2.766,4.351,0.0599375,3/11/20,,37.809
E3,5,160,454,1,3.882,4.486,0.00740625,3/12/20,vln,54.71
E3,5,160,455,2,3.839,3.986,0.00565625,3/12/20,vln,48.073
E3,5,160,456,3,3.89,4.458,0.01765625,3/12/20,vln,54.48
E3,6,161,457,1,2.923,3.976,0,3/12/20,,36.511
E3,6,161,458,2,2.599,3.748,0,3/12/20,,30.602
E3,6,161,459,3,2.675,3.92,0,3/12/20,,32.943
E3,7,163,462,1,4.021,5.109,0.08375,3/12/20,,64.539
E3,7,163,463,2,3.942,4.938,0.05559375,3/12/20,,61.153
E3,7,163,464,3,3.589,4.409,0.04521875,3/12/20,,49.712
E3,8,165,468,1,3.03,2.813,0,3/12/20,,26.777
E3,8,165,469,2,3.42,3.89,0,3/12/20,,41.795
E3,8,165,470,3,3.31,4.21,0,3/12/20,,43.778
E3,9,168,480,1,2.782,3.825,0.0134375,3/12/20,,33.43
E3,9,168,481,2,2.896,4.785,0.07246875,3/12/20,,43.534
E3,9,168,482,3,2.491,3.779,0.01778125,3/12/20,,29.573
E3,10,177,510,1,3.611,4.147,0,3/13/20,,47.045
E3,10,177,511,2,3.986,4.703,0,3/13/20,,58.893
E3,10,177,512,3,3.331,3.78,0.005625,3/13/20,vln,39.556
E3,11,178,513,1,3.061,3.05,0,3/13/20,,29.33
E3,11,178,514,2,3.379,3.349,0,3/13/20,,35.551
E3,11,178,515,3,3.521,3.909,0.00721875,3/13/20,,43.24
Fr1,1,1,11,1,3.11,3.46,0.046,2/25/20,,33.805
Fr1,1,1,78,2,3.033,3.407,0.014875,2/27/20,,32.463
Fr1,1,1,79,3,2.819,3.238,0,2/27/20,,28.676
Fr1,2,5,12,1,2.524,3.055,0,2/25/20,,24.224
Fr1,2,5,80,2,2.357,3.081,0,2/27/20,,22.814
Fr1,2,5,81,3,3.204,3.204,0.018125,2/27/20,,32.25
Fr1,3,21,18,1,2.872,3.751,0,2/25/20,malformed,33.844
Fr1,3,21,19,2,3.094,3.351,0.00484375,2/25/20,,32.572
Fr1,3,21,86,3,3.124,3.241,0.01371875,2/27/20,Very Little Nectar (vln),31.808
Fr1,4,23,56,1,3.17,4.41,0.0866875,2/26/20,,43.918
Fr1,4,23,103,2,2.676,3.515,0.026875,2/28/20,,29.55
Fr1,4,23,104,3,2.619,3.169,0,2/28/20,,26.074
Fr1,5,51,122,1,2.917,4.639,0,2/28/20,,42.512
Fr1,5,51,123,2,2.933,4.533,0,2/28/20,good pic,41.768
Fr1,5,51,124,3,3.409,5.038,0,2/28/20,good pic,53.955
Fr1,6,58,141,1,2.721,3.653,0.083,2/28/20,,31.227
Fr1,6,58,142,2,2.504,3.167,0.05228125,2/28/20,,24.913
Fr1,6,58,143,3,2.651,2.678,0,2/28/20,,22.303
Fr1,7,65,167,1,3.236,4.616,0.0263125,3/2/20,,46.927
Fr1,7,65,168,2,3.118,3.684,0.014625,3/2/20,vln,36.087
Fr1,7,65,169,3,3.016,4.153,0.019375,3/2/20,,39.35
Fr1,8,69,224,1,2.95,4.483,0.09621875,3/3/20,fruit is growing,41.547
Fr1,8,69,225,2,2.727,3.703,0.00240625,3/3/20,vln + stigma growing,31.724
Fr1,8,69,226,3,2.765,3.849,0.02165625,3/3/20,vln,33.434
Fr1,9,81,204,1,2.835,3.708,0,3/2/20,,33.025
Fr1,9,81,205,2,3.067,3.794,0.06671875,3/2/20,,36.556
Fr1,9,81,206,3,3.067,3.528,0.02740625,3/2/20,,33.993
Fr1,10,83,245,1,2.906,2.966,0.02484375,3/3/20,,27.078
Fr1,10,83,246,2,2.697,3.401,0,3/3/20,,28.816
Fr1,10,83,247,3,3.081,3.015,0.03603125,3/3/20,,29.183
Fr1,11,93,270,1,2.54,3.434,0,3/4/20,,27.402
Fr1,11,93,271,2,2.728,3.701,0,3/4/20,,31.719
Fr1,11,93,272,3,2.505,3.772,0,3/4/20,,29.684
Fr1,12,105,309,1,3.218,4.153,0.0364375,3/4/20,,41.985
Fr1,12,105,310,2,2.749,4.105,0.027625,3/4/20,,35.452
Fr1,12,105,311,3,2.994,4.406,0.0228125,3/4/20,,41.442
Fr1,13,130,451,1,1.989,3.295,0.03975,3/11/20,,20.589
Fr1,13,130,452,2,2.201,3.333,0.01109375,3/11/20,,23.046
Fr1,13,130,453,3,2.473,3.518,0.01115625,3/11/20,,27.332
Fr2,1,28,53,1,3.188,3.807,0,2/26/20,,38.129
Fr2,1,28,54,2,3.189,4.572,0.0585,2/26/20,,45.805
Fr2,1,28,55,3,3.142,4.007,0,2/26/20,,39.553
Fr2,2,32,57,1,3.307,3.758,0.07390625,2/26/20,,39.043
Fr2,2,32,58,2,3.186,3.748,0.0494375,2/26/20,,37.514
Fr2,2,32,102,3,3.462,3.579,0.03421875,2/28/20,,38.926
Fr2,3,44,98,1,3.605,4.115,0.00771875,2/27/20,vln,46.604
Fr2,3,44,99,2,4.084,4.2,0.0118125,2/27/20,vln,53.887
Fr2,3,44,114,3,3.916,3.75,0,2/28/20,,46.134
Fr2,4,50,119,1,2.969,3.762,0.01278125,2/28/20,,35.09
Fr2,4,50,120,2,3.169,3.724,0.01309375,2/28/20,,37.075
Fr2,4,50,121,3,3.336,3.726,0.04925,2/28/20,,39.05
Fr2,5,66,221,1,3.51,4.346,0.0301875,3/3/20,,47.923
Fr2,5,66,222,2,3.738,4.796,0.03525,3/3/20,,56.321
Fr2,5,66,223,3,3.608,4.893,0.09271875,3/3/20,,55.461
Fr2,6,86,254,1,3.4,5.371,0.07390625,3/3/20,fruit is growing,57.37
Fr2,6,86,286,2,2.982,4.336,0.00571875,3/4/20,Vln,40.621
Fr2,6,86,332,3,2.768,4.165,0.041375,3/6/20,Kajsa + developed fruit,36.219
Fr2,7,92,267,1,2.507,3.466,0,3/4/20,,27.298
Fr2,7,92,268,2,3.157,4.209,0.0288125,3/4/20,,41.745
Fr2,7,92,269,3,2.689,3.583,0.012,3/4/20,,30.268
Fr2,8,110,324,1,3.584,4.33,0.02990625,3/4/20,,48.753
Fr2,8,110,325,2,3.234,4.497,0.0429375,3/4/20,,45.689
Fr2,8,110,326,3,3.374,4.225,0.0301875,3/4/20,,44.784
Fr2,9,132,474,1,2.631,3.127,0,3/12/20,,25.846
Fr2,9,132,475,2,2.744,4.063,0.05575,3/12/20,,35.025
Fr2,9,132,476,3,NA,NA,0.00834375,3/12/20,,NA
Fr2,10,162,460,1,2.714,3.675,0,3/12/20,,31.334
Fr2,10,162,461,2,3.173,4.233,0.0178125,3/12/20,vln,42.196
Fr2,11,164,465,1,2.781,3.154,0.01521875,3/12/20,,27.556
Fr2,11,164,466,2,NA,NA,0.00965625,3/12/20,,NA
Fr2,11,164,467,3,NA,NA,0,3/12/20,,NA
Fr3,1,270,781,1,3.291,3.243,0,3/17/20,,33.529
Fr3,1,270,782,2,3.505,4.131,0.01190625,3/17/20,,45.488
Fr3,1,270,783,3,3.016,3.379,0,3/17/20,,32.016
Fr3,2,271,784,1,2.883,3.399,0.004,3/17/20,VLN,30.785
Fr3,2,271,785,2,3.094,3.773,0.0198125,3/17/20,,36.674
Fr3,2,271,786,3,2.818,3.258,0,3/17/20,,28.843
Fr3,3,272,787,1,2.676,3.087,0,3/17/20,,25.952
Fr3,3,272,788,2,2.427,3.142,0,3/17/20,,23.957
Fr3,3,272,789,3,3.126,3.786,0,3/17/20,,37.181
Fr3,4,277,800,1,2.599,2.836,0,3/18/20,,23.156
Fr3,4,277,801,2,2.879,2.585,0.01775,3/18/20,,23.38
Fr3,4,277,802,3,2.462,2.673,0,3/18/20,,20.675
Fr3,5,279,805,1,2.868,3.187,0,3/18/20,,28.715
Fr3,5,279,806,2,2.475,3.2,0,3/18/20,,24.881
Fr3,6,283,821,1,2.756,3.969,0.005875,3/19/20,vln,34.364
Fr3,6,283,822,2,2.358,3.29,0.00328125,3/19/20,VLN,24.372
Fr3,6,283,823,3,2.687,3.341,0,3/19/20,,28.203
Fr3,7,284,824,1,2.965,3.766,0,3/19/20,slightly old flower,35.08
Fr3,7,284,825,2,2.854,3.288,0,3/19/20,slightly old flower,29.481
Fr3,7,284,826,3,2.893,3.202,0,3/19/20,slightly old flower,29.102
Fr3,8,285,816,1,2.739,3.627,0,3/19/20,,31.21
Fr3,8,285,817,2,2.79,3.434,0,3/19/20,,30.099
Fr3,8,285,818,3,2.829,3.491,0,3/19/20,,31.026
Fr3,9,286,827,1,2.703,3.606,0,3/19/20,,30.621
Fr3,9,286,828,2,2.52,3.964,0.01459375,3/19/20,,31.382
Fr3,9,286,829,3,2.366,3.293,0,3/19/20,,24.477
Fr3,10,288,819,1,2.714,3.278,0.008625,3/19/20,,27.949
Fr3,10,288,820,2,2.866,3.303,0,3/19/20,,29.74
Fr3,11,309,873,1,2.666,3.639,0.00221875,3/20/20,slightly old flower + vln,30.478
Fr3,11,309,874,2,2.346,3.187,0.0053125,3/20/20,slightly old flower,23.489
Fr3,12,313,875,1,3.03,4.106,0.0429375,3/20/20,,39.085
Fr3,12,313,876,2,2.771,3.972,0,3/20/20,,34.578
Fr3,12,313,877,3,1.957,3.316,0,3/20/20,,20.387
Fr4,1,29,62,1,3.409,4.257,0.016375,2/26/20,,45.591
Fr4,1,29,63,2,3.434,3.903,0.014125,2/26/20,,42.106
Fr4,1,29,64,3,NA,NA,0.01571875,2/26/20,,NA
Fr4,2,64,164,1,3.689,4.943,0.0710625,3/2/20,,57.286
Fr4,2,64,165,2,3.684,4.448,0.0255625,3/2/20,,51.479
Fr4,2,64,166,3,3.064,3.775,0,3/2/20,,36.338
Fr4,3,70,170,1,3.248,4.236,0.0361875,3/2/20,,43.224
Fr4,3,70,171,2,3.072,3.74,0.04134375,3/2/20,,36.095
Fr4,3,70,172,3,3.186,3.893,0.02390625,3/2/20,,38.965
Fr4,4,98,290,1,4.033,4.571,0.05384375,3/4/20,,57.915
Fr4,4,98,291,2,3.312,4.271,0.050375,3/4/20,,44.44
Fr4,4,98,292,3,3.433,4.08,0.0519375,3/4/20,,44.003
Fr4,5,143,376,1,3.8,4.432,0.0499375,3/11/20,,52.909
Fr4,5,143,377,2,3.474,4.471,0.034125,3/11/20,,48.796
Fr4,5,143,378,3,3.5,4.249,0,3/11/20,,46.72
Fr4,6,148,385,1,2.955,3.681,0.03590625,3/11/20,,34.172
Fr4,6,148,386,2,3.208,3.737,0.0180625,3/11/20,,37.662
Fr4,6,148,387,3,2.693,3.319,0.024,3/11/20,strange flower,28.08
Fr4,7,150,388,1,2.671,3.728,0,3/11/20,,31.282
Fr4,7,150,389,2,3.028,4.026,0.00646875,3/11/20,vln,38.298
Fr4,7,150,390,3,2.788,4.068,0.00715625,3/11/20,vln,35.631
Fr4,8,152,415,1,2.279,2.626,0,3/11/20,,18.801
Fr4,8,152,416,2,2.601,3.086,0,3/11/20,,25.217
Fr4,8,152,417,3,3.235,4.241,0,3/11/20,,43.101
Fr4,9,157,427,1,2.417,3.037,0.0053125,3/11/20,,23.061
Fr4,9,157,428,2,2.898,3.752,0.00475,3/11/20,vln,34.159
Fr4,9,157,429,3,3.316,4.376,0.04140625,3/11/20,,45.587
Fr4,10,204,588,1,3.466,3.9,0.00396875,3/13/20,vln,42.466
Fr4,10,204,589,2,3.686,4.126,0.0274375,3/13/20,,47.779
Fr4,10,204,590,3,3.773,3.751,0.07021875,3/13/20,,44.461
Fr4,11,280,807,1,2.531,3.14,0.01421875,3/18/20,,24.967
Fr4,11,280,808,2,2.506,3.066,0.021875,3/18/20,,24.138
Fr4,11,280,809,3,2.507,2.53,0,3/18/20,,19.926
G1,1,356,1011,1,3.627,5.726,0.0048125,3/25/20,vln,65.245
G1,1,356,1037,2,4.026,5.236,0.019125,3/26/20,,66.225
G1,1,356,1091,3,5.105,6.01,0.0064375,4/3/20,,96.387
G1,2,373,1066,1,5.317,7.112,0.04046875,3/30/20,,118.798
G1,2,373,1074,2,3.577,4.919,0.03835938,3/31/20,,55.277
G1,2,373,1080,3,4.756,6.829,0.05220313,4/1/20,,102.035
G1,3,381,1097,1,4.855,5.873,0.05565625,4/6/20,,89.577
G1,3,381,1101,2,4.611,5.335,0.017625,4/7/20,,77.282
G1,3,381,1102,3,5.005,5.894,0.115875,4/7/20,,92.675
G3,1,302,859,1,4.244,5.032,0.02121875,3/19/20,,67.091
G3,1,302,907,2,4.353,5.931,0.06603125,3/23/20,,81.108
G3,1,302,978,3,3.836,5.51,0,3/24/20,,66.402
G3,2,328,930,1,4.578,5.468,0.00240625,3/23/20,vln,78.642
G3,2,328,931,2,4.175,6.962,0.07409375,3/23/20,,91.315
G3,2,328,1002,3,3.752,5.288,0.00615625,3/25/20,vln,62.331
G3,3,334,934,1,4.769,5.225,0,3/23/20,,78.282
G3,3,334,1009,2,4.646,5.621,0.00815625,3/25/20,vln,82.043
G3,3,334,1030,3,4.353,6.382,0,3/26/20,,87.276
G3,4,336,936,1,4.195,4.444,0,3/23/20,,58.567
G3,4,336,1001,2,3.434,3.505,0,3/25/20,,37.813
G3,4,336,1041,3,4.66,5.676,0,3/27/20,,83.096
G3,5,340,941,1,6.023,6.368,0.00478125,3/23/20,VLN,120.494
G3,5,340,942,2,5.954,7.346,0.07640625,3/23/20,,137.407
G3,5,340,967,3,4.696,5.359,0,3/24/20,Kajsa alone!,79.061
G3,6,341,990,1,4.676,5.086,0,3/25/20,,74.714
G3,6,341,1034,2,4.91,5.773,0,3/26/20,,89.05
G3,6,341,1086,3,4.425,5.279,0.11190625,4/2/20,,73.386
G3,7,346,951,1,5.984,7.983,0.07228125,3/23/20,,150.075
G3,7,346,952,2,5.126,5.683,0,3/23/20,,91.518
G3,7,346,970,3,5.103,5.821,0.00240625,3/24/20,vln,93.32
G3,8,348,960,1,4.862,6.593,0,3/23/20,,100.704
G3,8,348,972,2,4.811,6.059,0,3/24/20,,91.577
G3,8,348,994,3,4.306,5.569,0,3/25/20,,75.336
G3,9,349,955,1,5.873,6.61,0.04503125,3/23/20,,121.958
G3,9,349,976,2,4.735,6.108,0,3/24/20,,90.859
G3,9,349,1000,3,4.45,5.314,0.00975,3/25/20,,74.29
G3,10,351,954,1,5.942,7.296,0.072875,3/23/20,,136.197
G3,10,351,973,2,5.094,7.425,0.08353125,3/24/20,,118.824
G3,10,351,992,3,5.823,7.199,0.1304375,3/25/20,,131.695
G3,11,353,963,1,4.218,5.283,0,3/23/20,,70.006
G3,11,353,964,2,4.313,5.73,0.02115625,3/23/20,pollen in microcap,77.64
G3,11,353,975,3,3.309,3.889,0,3/24/20,,40.428
G3,12,354,965,1,4.932,6.608,0.06259375,3/23/20,,102.386
G3,12,354,966,2,4.905,5.813,0,3/23/20,,89.575
G3,12,354,974,3,4.353,6.064,0,3/24/20,,82.927
G3,13,357,1012,1,4.758,8.091,0,3/25/20,,120.942
G3,13,357,1013,2,5.211,7.886,0.01384375,3/25/20,,129.1
G3,13,357,1038,3,4.434,7.135,0,3/26/20,,99.389
G3,13,357,1042,1,4.817,7.876,0,3/27/20,,119.188
G3,14,358,1014,2,4.533,5.841,0.00659375,3/25/20,vln,83.181
G3,14,358,1043,3,4.708,5.319,0,3/27/20,,78.671
G3,14,358,1059,1,4.599,6.344,0.01209375,3/30/20,,91.659
G3,15,366,1023,1,5.047,4.975,0,3/25/20,,78.882
G3,15,366,1049,2,5.355,5.704,0.01442188,3/27/20,,95.96
G3,15,366,1061,3,4.934,5.48,0.01807813,3/30/20,,84.943
G3,15,366,1072,4,4.208,4.808,0,3/31/20,,63.561
G3,16,377,1076,1,5.929,7.556,0.0106875,3/31/20,,140.742
G3,16,377,1077,2,4.617,6.601,0.00404688,3/31/20,,95.746
G3,16,377,1081,3,5.528,8.081,0.06873438,4/1/20,,140.34
G4,1,298,853,1,6.115,8.969,0.13875,3/19/20,,172.302
G4,1,298,854,2,5.781,7.097,0.0391875,3/19/20,,128.892
G4,1,298,895,3,5.744,6.936,,3/20/20,,125.162
G4,2,299,855,1,5.79,6.772,0,3/19/20,,123.181
G4,2,299,856,2,5.77,7.965,0.037375,3/19/20,,144.381
G4,2,299,869,3,6.367,7.794,0.11546875,3/20/20,,155.9
G4,3,303,860,1,5.295,7.904,0.34709375,3/19/20,,131.481
G4,3,303,908,2,5.392,7.537,0.178375,3/23/20,,127.673
G4,3,303,979,3,5.177,7.884,0.19665625,3/24/20,,128.225
G4,4,316,892,1,6.75,6.727,0.08978125,3/20/20,,142.651
G4,4,316,909,2,7.408,7.755,0.23965625,3/23/20,,180.481
G4,4,316,980,3,5.769,6.962,0.09,3/24/20,,126.178
G4,5,319,897,1,6.352,6.375,0.065375,3/20/20,,127.216
G4,5,319,898,2,5.609,5.373,0.01290625,3/20/20,,94.679
G4,5,319,911,3,4.66,4.677,0.0246875,3/23/20,,68.47
G4,6,321,900,1,5.748,6.526,0.042,3/20/20,,117.846
G4,6,321,913,2,6.317,6.94,0.07890625,3/23/20,,137.727
G4,6,321,983,3,5.361,5.715,0.08396875,3/24/20,,96.252
G4,7,322,901,1,6.725,6.662,0.06990625,3/20/20,,140.749
G4,7,322,914,2,5.704,6.292,0.0235625,3/23/20,,112.75
G4,7,322,915,3,6.487,7.597,0.11634375,3/23/20,,154.823
G4,8,325,918,1,7.511,7.423,,3/23/20,lost microcap,175.157
G4,8,325,919,2,7.648,8.357,0.1521875,3/23/20,,200.793
G4,8,325,986,3,7.631,7.003,0.0711875,3/24/20,,167.886
G4,8,325,993,4,6.894,7.183,0.0224375,3/25/20,,155.57
G4,9,326,920,1,6.843,7.544,0.0368125,3/23/20,,162.18
G4,9,326,921,2,6.884,7.802,0.02671875,3/23/20,,168.732
G4,9,326,922,3,7.143,7.837,0.12809375,3/23/20,,175.865
G4,10,327,928,1,4.802,6.344,0.014875,3/23/20,,95.705
G4,10,327,929,2,6.255,7.159,0.065125,3/23/20,,140.679
G4,10,327,985,3,4.84,5.341,0.04084375,3/24/20,,81.211
G4,11,329,932,1,6.065,7.741,0.0671875,3/23/20,,147.495
G4,11,329,933,2,7.25,8.883,0.08346875,3/23/20,,202.324
G4,11,329,1003,3,6.429,8.027,0.21090625,3/25/20,,162.124
G4,12,330,923,1,4.994,6.369,0.03359375,3/23/20,,99.924
G4,12,330,924,2,5.652,7.695,0.07925,3/23/20,,136.634
G4,12,330,1004,3,4.942,6.787,0.187625,3/25/20,,105.373
G4,13,333,927,1,4.624,5.771,0.04109375,3/23/20,,83.834
G4,13,333,1007,2,5.638,7.041,0.0808125,3/25/20,,124.712
G4,13,333,1008,3,5.166,8.743,0.1875,3/25/20,,141.894
G4,14,335,935,1,4.94,6.116,0.03109375,3/23/20,,94.917
G4,14,335,999,2,4.783,6.915,0.02275,3/25/20,,103.906
G4,14,335,1031,3,4.509,7.517,0.041875,3/26/20,,106.482
G4,15,337,937,1,6.195,6.445,0.03759375,3/23/20,,125.434
G4,15,337,998,2,6.286,6.547,0.07690625,3/25/20,,129.29
G4,15,337,1032,3,5.65,6.784,0.08428125,3/26/20,,120.416
G4,16,339,940,1,6.276,7.822,0.105125,3/23/20,,154.223
G4,16,339,996,2,6.248,7.679,,3/25/20,,150.728
G4,16,339,1033,3,5.238,6.115,0.0215625,3/26/20,,100.626
G4,17,342,943,1,7.05,7.29,0.14534375,3/23/20,,161.46
G4,17,342,944,2,6.326,5.89,0.03109375,3/23/20,,117.056
G4,17,342,989,3,5.946,5.592,0.06003125,3/25/20,,104.458
G4,18,343,948,1,4.765,6.008,0.06509375,3/23/20,,89.938
G4,18,343,949,2,5.398,7.825,0.09025,3/23/20,,132.699
G4,18,343,950,3,4.87,4.906,0.06775,3/23/20,,75.06
G4,19,355,1010,1,5.407,5.955,0.06946875,3/25/20,,101.155
G4,19,355,1036,2,5.459,6.279,0.01296875,3/26/20,,107.684
G4,19,355,1058,3,5.98,6.872,0.034875,3/30/20,,129.102
G4,20,360,1016,3,5.889,7.001,0.1436875,3/25/20,,129.524
G4,20,360,1039,1,5.292,6.475,0.0514375,3/26/20,,107.649
G4,20,360,1044,2,5.263,6.841,0.08910938,3/27/20,,113.11
G4,21,361,1017,3,4.605,7.483,0.05678125,3/25/20,,108.257
G4,21,361,1045,1,4.094,5.217,0.04734375,3/27/20,,67.099
G4,21,361,1060,2,5.666,7.735,,3/30/20,,137.685
G4,22,362,1018,1,3.516,4.286,0,3/25/20,,47.342
G4,23,363,1019,1,6.42,6.705,0.0994375,3/25/20,,135.233
G4,23,363,1020,2,5.862,6.103,0.05896875,3/25/20,,112.393
G4,23,363,1046,3,5.895,6.473,0.0511875,3/27/20,,119.878
G4,24,364,1021,1,4.859,4.833,0.1115625,3/25/20,,73.776
G4,24,364,1027,2,3.443,4.442,0.05184375,3/26/20,,48.047
G4,25,367,1024,1,6.281,7.227,0.10590625,3/25/20,,142.606
G4,25,367,1025,2,6.415,7.71,0.21865625,3/25/20,,155.382
G4,25,367,1050,3,7.045,6.791,0.32125,3/27/20,lots of nectar,150.302
G4,26,368,1026,1,5.839,6.48,0.04190625,3/26/20,,118.867
G4,26,368,1051,2,5.231,7.032,0.0513125,3/27/20,,115.561
G4,26,368,1070,3,4.999,5.737,0.05475,3/30/20,,90.098
G4,27,369,1052,1,7.049,8.007,0.10601563,3/27/20,,177.316
G4,27,369,1053,2,6.233,6.577,0.06275,3/27/20,,128.788
G4,27,369,1062,3,5.234,4.676,0.026125,3/30/20,,76.888
G4,28,370,1054,1,6.597,6.242,0.09125,3/27/20,,129.366
G4,28,370,1079,2,6.165,6.601,0.01146875,4/1/20,,127.848
G4,28,370,1087,3,6.621,5.777,0.10673438,4/2/20,,120.164
G4,29,371,1055,1,NA,NA,0,3/27/20,plant with strange flowers,NA
G4,29,371,1063,2,NA,NA,0.0218125,3/30/20,,NA
G4,29,371,1064,3,NA,NA,0.04332813,3/30/20,,NA
G4,30,372,1056,1,5.882,6.383,0.02698438,3/27/20,,117.95
G4,30,372,1065,2,6.352,7.165,0.04275,3/30/20,,142.98
G4,30,372,1073,3,5.531,6.299,0.03276563,3/31/20,,109.452
G4,31,374,1067,1,6.606,6.982,0.03192188,3/30/20,,144.9
G4,31,374,1068,2,6.263,6.377,0.02728125,3/30/20,,125.472
G4,31,374,1092,3,6.184,6.967,0.00725,4/3/20,,135.352
G4,32,378,1082,1,5.362,6.329,0.0834375,4/1/20,,106.613
G4,32,378,1093,2,5.634,5.874,,4/3/20,,103.968
G4,32,378,1094,3,5.76,6.368,0.05635938,4/3/20,,115.233
G4,33,380,1084,1,5.941,7.653,0.05401563,4/1/20,,142.837
G4,33,380,1095,2,4.671,6.791,0.01284375,4/6/20,,99.654
G4,33,380,1096,3,5.404,7.248,0.08070313,4/6/20,,123.05
G4,34,383,1099,1,5.936,7.397,0.17392188,4/6/20,,137.943
G4,34,383,1100,2,6.475,5.993,0.02271875,4/6/20,,121.908
G4,34,383,1104,3,5.833,7.08,0.14871875,4/7/20,,129.74
G5,1,304,861,1,4.822,6.22,0.51171875,3/19/20,,94.225
G5,1,304,902,2,4.556,5.71,0.31690625,3/20/20,,81.728
G5,1,304,1040,3,5.111,6.383,0.32609375,3/27/20,,102.49
G5,2,305,862,1,3.951,5.999,0.01990625,3/19/20,,74.462
G5,2,305,1057,2,4.637,6.421,0.3018125,3/30/20,,93.538
G5,2,305,1085,3,4.712,6.426,0,4/2/20,,95.125
G5,3,318,894,1,5.651,7.469,0.026375,3/20/20,,132.598
G5,3,318,981,2,5.021,5.294,0.007375,3/24/20,,83.507
G5,3,318,1028,3,5.173,6.395,0.0383125,3/26/20,,103.928
G5,4,332,926,1,5.234,6.241,0.0830625,3/23/20,,102.621
G5,4,332,1006,2,4.901,6.509,0.14265625,3/25/20,,100.219
G5,4,332,1029,3,5.033,5.376,0.0176875,3/26/20,,85.003
G5,5,338,938,1,3.759,5.735,0.02828125,3/23/20,,67.726
G5,5,338,939,2,4.46,6.44,0.209875,3/23/20,,90.234
G5,5,338,997,3,4.354,6.553,0.161,3/25/20,,89.635
G5,6,345,953,1,4.739,4.371,0.0160625,3/23/20,,65.075
G5,6,345,991,2,4.496,4.828,0,3/25/20,,68.194
G5,6,345,1035,3,5.34,4.896,0.04396875,3/26/20,,82.136
G5,7,352,956,1,5.568,6.856,0.059375,3/23/20,,119.928
G5,7,352,957,2,4.783,5.95,0.068,3/23/20,,89.406
G5,7,352,977,3,4.739,5.95,0.025625,3/24/20,,88.584
G5,8,365,1022,1,4.359,4.889,0.056125,3/25/20,,66.951
G5,8,365,1047,2,5.397,5.602,0.04973438,3/27/20,,94.983
G5,8,365,1048,3,6.65,6.64,0.02776563,3/27/20,,138.72
G5,9,375,1069,1,6.961,7.659,0.02995313,3/30/20,,167.492
G5,10,376,1071,1,6.175,6.712,0.06184375,3/30/20,,130.208
G5,10,376,1075,2,6.586,6.432,0.247,3/31/20,lots of nectarNA attention to the photo,133.081
G5,10,376,1088,3,6.582,7.52,0.16204688,4/2/20,,155.498
G5,11,379,1083,1,5.541,7.062,0.03289063,4/1/20,,122.932
G5,11,379,1089,2,4.959,6.143,0.0333125,4/2/20,,95.703
G5,11,379,1090,3,4.578,5.514,0.0259375,4/2/20,,79.303
G5,12,384,1105,1,4.236,6.37,0.1454375,4/7/20,,84.771
G5,12,384,1107,2,3.288,5.291,0.154125,4/9/20,,54.654
G5,12,384,1110,3,NA,NA,0.1085,4/15/20,,NA
G5,13,385,1108,1,5.145,,0.1925,4/14/20,,0
G5,13,385,1109,2,5.244,6.065,0.20534375,4/14/20,,99.918
G5,13,385,1111,3,5.333,5.729,0.133125,4/15/20,,95.984
G6,1,317,893,1,5.408,7.13,0.09484375,3/20/20,,121.137
G6,1,317,910,2,4.349,5.937,0.01578125,3/23/20,,81.116
G6,1,317,982,3,5.204,6.879,0.0349375,3/24/20,,112.464
G6,2,323,903,1,4.479,5.802,0.00378125,3/20/20,,81.641
G6,2,323,916,2,5.315,7.545,0,3/23/20,,125.983
G6,2,323,984,3,4.911,7.187,0.0448125,3/24/20,,110.884
G6,3,324,904,1,3.562,4.214,0.00696875,3/20/20,,47.156
G6,3,324,905,2,4.741,5.144,0.07753125,3/20/20,,76.616
G6,3,324,906,3,4.487,5.785,0.00884375,3/20/20,,81.547
G6,4,344,945,1,5.055,5.262,0,3/23/20,,83.564
G6,4,344,969,2,5.469,5.664,0.0473125,3/24/20,,97.315
G6,4,344,995,3,4.779,5.721,0,3/25/20,,85.893
G7,1,320,899,1,3.945,5.957,0.030125,3/20/20,,73.829
G7,1,320,912,2,4.049,5.828,0.0274375,3/23/20,,74.134
G7,2,331,925,1,4.602,4.589,0.0365625,3/23/20,,66.346
G7,2,331,1005,2,3.484,4.416,0,3/25/20,,48.334
G7,2,331,1078,3,4.32,4.638,0.04170313,4/1/20,,62.945
G7,3,382,1098,1,5.049,7.029,0,4/6/20,,111.493
G7,3,382,1103,2,4.59,6.697,0,4/7/20,,96.57
G7,3,382,1106,3,4.22,5.899,0,4/8/20,,78.206
G8,1,347,946,1,5.219,7.071,0.046125,3/23/20,,115.936
G8,1,347,947,2,5.199,6.776,0.05259375,3/23/20,,110.673
G8,1,347,968,3,4.325,5.722,0.0024375,3/24/20,vln,77.747
G9,1,350,961,1,6.732,5.859,0,3/23/20,,123.913
G9,1,350,962,2,4.173,4.501,0.00528125,3/23/20,VLN,59.007
G9,1,350,971,3,5.847,5.626,0.002375,3/24/20,vln,103.343
G9,1,359,1015,2,4.224,5.177,0,3/25/20,,68.699
It10,1,4,156,1,5.02,5.629,0.17071875,3/2/20,,88.774
It10,1,4,157,2,4.954,5.098,0.108,3/2/20,,79.342
It10,1,4,158,3,4.388,5.702,0.13659375,3/2/20,(dropped the micro),78.604
It10,2,7,82,1,5.385,6.816,0.03440625,2/27/20,,115.309
It10,2,7,83,2,4.811,5.516,0,2/27/20,,83.37
It10,2,7,84,3,3.59,3.921,0,2/27/20,,44.222
It10,3,53,128,1,NA,NA,0,2/28/20,,NA
It10,3,53,129,2,4.441,7.81,0.06428125,2/28/20,,108.964
It10,3,53,130,3,4.307,6.498,0,2/28/20,,87.923
It10,4,68,153,1,4.694,4.971,0.00984375,3/2/20,vln,73.305
It10,4,68,154,2,5.002,5.492,0,3/2/20,,86.303
It10,4,68,155,3,4.628,5.752,0,3/2/20,,83.63
It10,5,85,251,1,5.017,7.668,0.1463125,3/3/20,,120.858
It10,5,85,252,2,4.08,6.768,0.061875,3/3/20,,86.75
It10,5,85,253,3,6.435,4.08,0.08196875,3/3/20,,82.482
It10,6,107,315,1,5.803,6.702,0.05646875,3/4/20,,122.182
It10,6,107,316,2,4.32,5.535,0.0170625,3/4/20,,75.119
It10,6,107,317,3,5.231,6.928,0.07940625,3/4/20,,113.852
It10,7,108,318,1,6.782,6.38,0,3/4/20,good pic (f),135.934
It10,7,108,319,2,6.259,5.583,0.00640625,3/4/20,good pic (n),109.78
It10,7,108,320,3,6.337,7.363,0.09615625,3/4/20,good pic (n),146.584
It10,8,112,333,1,5.979,7.435,0.12640625,3/6/20,Kajsa,139.656
It10,8,112,334,2,5.739,6.188,0.0181875,3/6/20,Kajsa,111.567
It10,8,112,335,3,5.84,7.252,0.019,3/6/20,Kajsa,133.052
It10,9,118,354,1,6.204,7.025,0.055875,3/6/20,,136.92
It10,9,118,355,2,5.164,5.78,0,3/6/20,,93.77
It10,9,118,356,3,5.77,6.505,0.01959375,3/6/20,,117.916
It10,10,128,442,1,4.636,6.637,0.06503125,3/11/20,,96.664
It10,10,128,443,2,4.889,6.13,0.05990625,3/11/20,,94.152
It10,10,128,444,3,4.435,6.775,0,3/11/20,,94.396
It10,11,133,435,1,4.464,5.439,0.006125,3/11/20,vln,76.277
It10,11,133,436,2,5.642,6.126,0.0451875,3/11/20,,108.582
It10,11,133,437,3,5.283,6.148,0.0669375,3/11/20,,102.038
It10,12,252,730,1,5.511,5.926,0.0549375,3/17/20,,102.599
It10,12,252,731,2,5.902,6.128,0.01671875,3/17/20,,113.623
It10,12,252,732,3,5.573,5.976,0.08659375,3/17/20,,104.628
It10,13,281,810,1,5.038,7.747,0.467125,3/18/20,lots of nectar,122.614
It10,13,281,811,2,5.367,7.148,0.29709375,3/18/20,,120.522
It10,13,281,812,3,4.871,6.929,0.178,3/18/20,,106.032
It13,1,49,96,1,4.87,4.565,0.03684375,2/27/20,,69.842
It13,1,49,118,2,5.884,5.558,0.0934375,2/28/20,,102.74
It13,1,49,173,3,5.189,6.074,0.27796875,3/2/20,,99.017
It13,2,60,146,1,6.919,7.687,0.098125,2/28/20,,167.09
It13,2,60,147,2,6.87,7.723,0.14859375,2/28/20,,166.683
It13,2,60,177,3,5.081,7.104,0.20890625,3/2/20,,113.397
It13,3,72,159,1,4.761,6.229,0.1454375,3/2/20,,93.168
It13,3,72,160,2,4.076,5.297,0.0398125,3/2/20,,67.829
It13,3,72,161,3,5.488,7.446,0.16415625,3/2/20,,128.377
It13,4,102,300,1,5.466,6.108,0,3/4/20,vln,104.886
It13,4,102,301,2,5.064,6.797,0.12434375,3/4/20,,108.134
It13,4,102,302,3,5.198,7.411,0.12453125,3/4/20,,121.022
It13,5,149,406,1,5.242,6.66,0.032,3/11/20,,109.678
It13,5,149,407,2,4.136,5.893,0.02615625,3/11/20,vln,76.571
It13,5,149,408,3,5.201,6.581,0.026125,3/11/20,no stigma?,107.53
It13,6,151,409,1,4.521,6.787,0.119,3/11/20,,96.397
It13,6,151,410,2,4.519,6.028,0.055875,3/11/20,,85.579
It13,6,151,411,3,4.817,6.582,0.0630625,3/11/20,,99.606
It13,7,176,507,1,4.49,6.038,0.12128125,3/13/20,,85.17
It13,7,176,508,2,4.586,6.685,0.176,3/13/20,,96.313
It13,7,176,509,3,4.484,6.218,0.17125,3/13/20,,87.592
It13,8,183,530,1,5.111,6.432,0.077125,3/13/20,,103.276
It13,8,183,531,2,4.482,6.048,0,3/13/20,,85.16
It13,8,183,532,3,5.168,6.877,0.07434375,3/13/20,,111.653
It13,9,184,533,1,3.835,4.936,0.02678125,3/13/20,,59.469
It13,9,184,534,2,5.503,6.68,0.02196875,3/13/20,,115.485
It13,9,184,535,3,4.299,5.753,0.08540625,3/13/20,,77.698
It15,1,238,693,1,4.911,6.373,0.039625,3/16/20,,98.325
It15,1,238,694,2,4.734,5.97,0.06740625,3/16/20,,88.788
It15,1,238,695,3,4.144,4.932,0.02403125,3/16/20,,64.208
It15,2,239,696,1,4.779,7.002,0.01928125,3/16/20,,105.126
It15,2,239,697,2,4.746,7.47,0.10621875,3/16/20,,111.378
It15,2,239,698,3,4.963,5.77,0.05209375,3/16/20,,89.964
It15,3,240,699,1,3.513,5.881,0,3/16/20,,64.905
It15,3,240,700,2,4.298,7.093,0.01671875,3/16/20,,95.774
It15,3,240,701,3,4.328,6.766,0.0504375,3/16/20,,91.996
It15,4,241,702,1,3.932,6.178,0.02075,3/16/20,,76.315
It15,4,241,703,2,4.594,5.385,0.01603125,3/16/20,,77.719
It15,4,241,704,3,4.533,5.849,0.01275,3/16/20,,83.295
It15,5,243,705,1,4.025,5.01,0,3/16/20,,63.351
It15,5,243,706,2,4.263,6.068,0,3/16/20,,81.266
It15,5,243,707,3,5.151,6.754,0.07609375,3/16/20,,109.295
It15,6,244,690,1,3.883,5.091,0.03978125,3/16/20,,62.104
It15,6,244,691,2,4.463,5.951,0.089125,3/16/20,,83.438
It15,6,244,692,3,4.759,6.412,0.09275,3/16/20,,95.865
It15,7,250,724,1,4.15,6.433,0.03775,3/17/20,,83.871
It15,7,250,725,2,3.787,5.852,0,3/17/20,,69.622
It15,7,250,726,3,3.901,6.147,0.0339375,3/17/20,,75.334
It15,8,251,727,1,5.417,7.305,0.0325625,3/17/20,,124.316
It15,8,251,728,2,5.975,7.64,0.07465625,3/17/20,,143.41
It15,8,251,729,3,5.696,7.436,0.0161875,3/17/20,,133.063
It15,9,256,740,1,4.471,7.531,0.038625,3/17/20,,105.781
It15,9,256,741,2,4.573,6.723,0.0391875,3/17/20,,96.586
It15,9,256,742,3,4.263,5.111,0,3/17/20,,68.45
It15,10,307,866,1,6.272,6.783,0.0149375,3/19/20,,133.653
It15,10,307,867,2,4.997,5.508,0.02071875,3/19/20,,86.467
It15,10,307,868,3,6.205,6.97,0.0608125,3/19/20,,135.87
It15,11,310,881,1,4.898,7.607,0.4691875,3/20/20,,117.053
It15,11,310,882,2,5.21,6.021,0.10715625,3/20/20,,98.55
It15,11,310,883,3,4.558,6.443,0.06953125,3/20/20,,92.26
It16,1,253,733,1,5.065,5.669,0.02078125,3/17/20,,90.206
It16,1,253,734,2,5.052,6.262,0.07425,3/17/20,,99.386
It16,1,253,735,3,4.823,5.011,0,3/17/20,,75.926
It16,2,254,737,1,4.44,6.209,0,3/17/20,strange flower,86.607
It16,3,255,738,1,6.068,8.377,0.043375,3/17/20,strange ,159.692
It16,3,255,739,2,4.922,7.141,0.0338125,3/17/20,,110.421
It16,4,257,743,1,4.833,5.693,0,3/17/20,,86.439
It16,4,257,744,2,5.794,6.413,0.06709375,3/17/20,,116.732
It16,4,257,745,3,6.134,7.475,0.0373125,3/17/20,,144.047
It16,5,258,746,1,6.185,6.386,0.08625,3/17/20,,124.085
It16,5,258,747,2,5.572,6.357,0.0544375,3/17/20,,111.279
It16,5,258,748,3,5.552,6.442,0.057875,3/17/20,,112.362
It16,6,263,761,1,4.686,5.666,0.1229375,3/17/20,,83.412
It16,6,263,762,2,4.739,5.884,0.0343125,3/17/20,,87.601
It16,6,263,763,3,4.288,4.523,0,3/17/20,,60.93
It16,7,265,767,1,4.765,4.724,0.00984375,3/17/20,,70.717
It16,7,265,768,2,5.775,5.982,0,3/17/20,deformed,108.53
It16,7,265,769,3,4.735,5.836,0.00890625,3/17/20,,86.813
It16,8,266,770,1,4.241,5.381,0.0414375,3/17/20,,71.694
It16,8,266,771,2,5.264,7.952,0.35965625,3/17/20,,131.505
It16,9,269,778,1,5.171,5.249,0.05971875,3/17/20,,85.271
It16,9,269,779,2,6.287,6.831,0.1429375,3/17/20,,134.92
It16,9,269,780,3,5.808,6.622,0.06571875,3/17/20,,120.827
It16,10,287,830,1,5.438,7.11,0.07490625,3/19/20,,121.467
It16,10,287,831,2,5.218,7.449,0.23353125,3/19/20,,122.11
It16,10,287,832,3,5.559,7.295,0.0905,3/19/20,,127.401
It16,11,295,846,1,4.339,4.815,0,3/19/20,,65.635
It17,1,48,69,1,5.86,7.146,0.0989375,2/26/20,,131.556
It17,1,48,215,2,5.285,7.029,0.04753125,3/3/20,,116.705
It17,1,48,216,3,4.862,7.293,0.23065625,3/3/20,,111.396
It17,1,48,217,4,5.62,6.546,0.08434375,3/3/20,,115.574
It17,2,55,134,1,5.746,5.728,0,2/28/20,,103.399
It17,2,55,176,2,4.884,6.867,0.07528125,3/2/20,,105.364
It17,2,55,231,3,5.22,6.813,0.09059375,3/3/20,,111.727
It17,3,59,144,1,4.631,4.946,0.0516875,2/28/20,,71.958
It17,3,59,145,2,5.001,6.333,0.0714375,2/28/20,,99.498
It17,3,59,181,3,4.639,5.428,0.08475,3/2/20,,79.107
It17,4,63,151,1,6.265,7.466,0.051,2/28/20,,146.946
It17,4,63,152,2,6.053,6.868,0.03271875,2/28/20,,130.602
It17,4,63,180,3,5.231,6.074,0.11853125,3/2/20,,99.818
It17,5,74,187,1,5.909,5.258,0.10428125,3/2/20,,97.608
It17,5,74,188,2,5.546,6.483,0.190625,3/2/20,good pic (n),112.955
It17,5,74,238,3,5.032,5.547,0,3/3/20,,87.69
It17,6,75,189,1,4.892,5.714,0.0086875,3/2/20,,87.817
It17,6,75,190,2,6.185,6.493,0.09371875,3/2/20,,126.164
It17,6,75,239,3,5.053,5.378,0.0339375,3/3/20,,85.373
It17,7,77,193,1,4.461,6.786,0.1098125,3/2/20,,95.103
It17,7,77,194,2,4.543,6.83,0.10821875,3/2/20,,97.479
It17,7,77,241,3,4.407,7.859,0.1426875,3/3/20,,108.808
It17,8,125,369,1,6.341,7.905,0.6583125,3/6/20,a lot of nectar,157.474
It17,8,125,449,2,5.573,7.321,0.0570625,3/11/20,,128.177
It17,8,125,450,3,6.01,8.316,0.1035625,3/11/20,,157.014
It17,9,311,884,1,5.767,7.983,0.28665625,3/20/20,,144.632
It17,9,311,885,2,4.882,5.903,,3/20/20,,90.536
It17,9,311,886,3,5.732,7.485,0.21271875,3/20/20,,134.787
It17,10,314,878,1,3.687,5.845,0.10934375,3/20/20,,67.703
It17,10,314,879,2,4.032,6.736,0.06290625,3/20/20,,85.324
It17,10,314,880,3,4.258,6.401,0.053625,3/20/20,,85.625
It18,1,131,716,1,5.335,6.521,0.083875,3/16/20,,109.294
It18,1,131,717,2,5.797,6.451,0.10884375,3/16/20,,117.484
It18,1,131,718,3,6.039,6.706,0.13465625,3/16/20,,127.227
It18,2,245,708,1,3.255,4.04,0.0293125,3/16/20,,41.313
It18,2,245,709,2,5.175,6.871,0.0880625,3/16/20,,111.707
It18,2,245,710,3,4.489,5.035,0.02896875,3/16/20,,71.007
It18,3,248,719,1,7.05,7.945,0.31315625,3/16/20,,175.968
It18,3,248,720,2,7.07,7.19,0.25084375,3/16/20,,159.697
It18,4,278,803,1,4.501,5.747,0.0341875,3/18/20,,81.264
It18,4,278,804,2,4.112,4.106,0,3/18/20,,53.042
It18,5,289,833,1,6.32,7.363,0.03965625,3/19/20,,146.191
It18,5,289,834,2,4.333,6.349,0,3/19/20,,86.426
It18,5,289,835,3,5.523,7.111,0.02215625,3/19/20,,123.383
It18,6,290,836,1,5.909,6.267,0.01590625,3/19/20,,116.338
It18,6,290,837,2,4.673,4.338,0,3/19/20,,63.685
It18,6,290,838,3,5.816,6.337,0.085125,3/19/20,,115.786
It18,7,300,857,1,5.512,8.243,0.1396875,3/19/20,slightly old flower,142.739
It18,7,300,987,2,5.45,8.071,0.05375,3/24/20,,138.189
It18,7,300,988,3,4.78,6.965,0.00484375,3/24/20,vln,104.592
It18,8,301,858,1,4.878,5.436,0.00896875,3/19/20,,83.305
It18,8,301,896,2,4.336,4.356,,3/20/20,,59.337
It18,8,301,917,3,4.567,4.474,0,3/23/20,,64.191
It18,9,315,890,1,4.693,5.128,,3/20/20,,75.605
It18,9,315,891,2,4.489,4.748,0.045875,3/20/20,,66.959
It2,1,84,248,1,4.272,5.606,0.07278125,3/3/20,,75.237
It2,1,84,249,2,4.842,5.903,0.05684375,3/3/20,,89.794
It2,1,84,250,3,4.486,5.97,0.05625,3/3/20,,84.136
It2,2,96,279,1,5.322,5.435,0.030625,3/4/20,,90.871
It2,2,96,280,2,4.649,7.568,0.12359375,3/4/20,,110.533
It2,2,96,281,3,4.957,6.435,0.0529375,3/4/20,,100.211
It2,3,173,498,1,3.501,5.003,0,3/12/20,,55.027
It2,3,173,499,2,3.653,5.394,0,3/12/20,,61.903
It2,3,173,500,3,3.197,4.985,0,3/12/20,,50.068
It2,4,200,579,1,4.255,7.712,0.150125,3/13/20,,103.09
It2,4,200,580,2,5.199,6.559,0.22759375,3/13/20,,107.129
It2,4,200,581,3,4.763,6.943,0.14021875,3/13/20,,103.891
It2,5,202,582,1,4.233,6.951,0.09953125,3/13/20,,92.437
It2,5,202,583,2,4.643,5.921,0.01484375,3/13/20,,86.366
It2,5,202,584,3,4.971,5.992,0.36159375,3/13/20,,93.576
It2,6,205,591,1,4.506,6.241,0.103625,3/13/20,,88.348
It2,6,205,592,2,4.209,6.079,0.08325,3/13/20,,80.382
It2,6,205,593,3,NA,NA,0.093875,3/13/20,,NA
It2,7,207,597,1,4.501,5.998,0.01521875,3/15/20,,84.813
It2,7,207,598,2,4.731,6.373,0.0775625,3/15/20,,94.721
It2,7,207,599,3,3.988,4.445,0,3/15/20,,55.69
It2,8,214,616,1,5.324,7.543,0.07990625,3/15/20,,126.163
It2,8,214,617,2,4.574,6.48,0.0964375,3/15/20,,93.115
It2,8,214,618,3,4.299,7.217,0.0128125,3/15/20,,97.471
It2,9,218,619,1,4.112,4.653,0,3/15/20,,60.108
It2,9,218,620,2,5.513,6.266,0.05703125,3/15/20,,108.525
It2,9,218,621,3,5.426,5.979,0.07803125,3/15/20,,101.92
It2,10,220,625,1,4.489,5.911,0,3/15/20,,83.36
It2,10,220,626,2,4.48,4.987,0.0031875,3/15/20,vln,70.189
It2,10,220,627,3,5.694,6.868,0.09621875,3/15/20,,122.856
It2,11,308,870,1,4.121,6.332,0.18703125,3/20/20,,81.977
It2,11,308,871,2,4.65,6.063,0.110625,3/20/20,,88.571
It2,11,308,872,3,3.813,4.926,0.02725,3/20/20,,59.008
It2,12,312,887,1,3.325,5.205,0.0578125,3/20/20,,54.37
It2,12,312,888,2,3.724,6.001,0.1316875,3/20/20,,70.207
It2,12,312,889,3,3.749,4.599,0.06371875,3/20/20,,54.166
It4,1,261,755,1,3.646,5.389,0,3/17/20,,61.727
It4,1,261,756,2,4.762,6.842,0.0635625,3/17/20,,102.358
It4,1,261,757,3,3.988,4.456,0.0413125,3/17/20,,55.828
It4,2,262,758,1,6.311,6.311,0.13153125,3/17/20,,125.126
It4,2,262,759,2,5.545,7.442,0.125875,3/17/20,,129.641
It4,2,262,760,3,4.023,5.253,,3/17/20,vln,66.391
It4,3,264,764,1,4.921,6.5,0.098125,3/17/20,,100.488
It4,3,264,765,2,4.874,6.725,0.18803125,3/17/20,,102.974
It4,3,264,766,3,3.368,4.301,0,3/17/20,,45.508
It4,4,267,772,1,6.042,7.528,0.08590625,3/17/20,,142.893
It4,4,267,773,2,4.688,4.966,0.0548125,3/17/20,,73.138
It4,4,267,774,3,4.706,6.503,0.120875,3/17/20,,96.142
It4,5,268,775,1,4.152,6.162,0.07940625,3/17/20,,80.376
It4,5,268,776,2,3.566,6.251,0.0888125,3/17/20,,70.029
It4,5,268,777,3,5.091,6.543,0.0923125,3/17/20,,104.648
It4,6,291,839,1,4.962,6.012,0.0944375,3/19/20,slightly old flower,93.718
It4,7,292,840,1,2.287,2.89,0.01146875,3/19/20,,20.764
It4,7,292,841,2,3.693,3.647,NA,3/19/20,,42.312
It4,8,293,842,1,6.221,6.732,0,3/19/20,,131.569
It4,9,294,843,1,3.454,6.692,0.06334375,3/19/20,,72.615
It4,9,294,844,2,2.588,5.047,0.06140625,3/19/20,,41.034
It4,9,294,845,3,3.229,6.231,0.02440625,3/19/20,,63.208
It5,1,99,293,1,5.724,6.118,0.00696875,3/4/20,,110.017
It5,1,99,294,2,5.428,5.428,0.00890625,3/4/20,,92.561
It5,1,99,295,3,6.723,6.487,0.09378125,3/4/20,,137.011
It5,2,101,297,1,5.865,6.423,0.0733125,3/4/20,,118.347
It5,2,101,298,2,6.142,6.165,0.0338125,3/4/20,,118.958
It5,2,101,299,3,6.108,6.142,0.05621875,3/4/20,,117.858
It5,3,187,539,1,6.193,6.128,0.1653125,3/13/20,,119.226
It5,3,187,540,2,6.675,6.41,0.21425,3/13/20,,134.418
It5,3,187,541,3,6.649,6.004,0.12865625,3/13/20,,125.414
It5,4,194,563,1,5.902,6.658,0.00915625,3/13/20,vln,123.45
It5,4,194,564,2,6.057,5.568,0.04409375,3/13/20,,105.951
It5,5,197,574,1,6.298,6.12,0.04815625,3/13/20,,121.089
It5,5,197,575,2,5.916,5.662,0.04721875,3/13/20,,105.232
It5,5,197,576,3,6.233,5.114,0.05003125,3/13/20,,100.14
It5,6,199,577,1,4.337,6.587,0.16534375,3/13/20,,89.748
It5,6,199,578,2,4.127,5.435,0.15584375,3/13/20,,70.467
It5,7,203,585,1,6.389,5.624,0.11525,3/13/20,,112.883
It5,7,203,586,2,5.879,5.1,0.04171875,3/13/20,,94.194
It5,7,203,587,3,5.671,4.67,0.339625,3/13/20,lots of nectar,83.201
It5,8,210,606,1,5.315,4.995,0.0411875,3/15/20,,83.404
It5,8,210,607,2,4.812,5.157,0.10265625,3/15/20,,77.96
It5,9,212,614,1,5.654,5.331,0.07246875,3/15/20,Magne started,94.692
It5,9,212,615,1,5.694,6.211,0.05240625,3/15/20,,111.104
It5,10,221,637,1,5.577,5.989,0.01025,3/15/20,,104.931
It5,10,221,638,2,5.381,5.079,0,3/15/20,,85.86
It5,10,221,639,3,6.104,6.92,0.113875,3/15/20,,132.7
It6,1,73,182,1,3.83,6.552,0,3/2/20,,78.836
It6,1,73,183,2,4.28,7.095,0.0780625,3/2/20,,95.399
It6,1,73,237,3,4.004,7.908,0.08578125,3/3/20,,99.474
It6,2,78,195,1,5.22,6.653,0.1398125,3/2/20,,109.103
It6,2,78,196,2,4.288,5.617,0,3/2/20,,75.667
It6,2,78,197,3,4.776,5.814,0.045375,3/2/20,,87.235
It6,3,80,201,1,4.917,6.512,0.07153125,3/2/20,,100.592
It6,3,80,202,2,4.613,6.978,0.050625,3/2/20,,101.126
It6,3,80,203,3,4.496,5.344,0.01465625,3/2/20,,75.482
It6,4,82,242,1,4.697,5.437,0.03203125,3/3/20,,80.229
It6,4,82,243,2,4.355,4.964,0,3/3/20,,67.916
It6,4,82,244,3,4.388,4.796,0,3/3/20,,66.114
It6,5,88,255,1,5.572,6.872,0.01775,3/3/20,vln (only lines),120.294
It6,5,88,256,2,5.283,7.791,0.11509375,3/3/20,,129.307
It6,5,88,257,3,5.843,8.303,0.0876875,3/3/20,,152.412
It6,6,198,568,1,5.289,7.292,0.01184375,3/13/20,,121.163
It6,6,198,569,2,5.107,6.222,0.011875,3/13/20,vln,99.826
It6,6,198,570,3,5.27,7.125,0.06909375,3/13/20,,117.963
It6,7,208,600,1,4.248,6.437,0.02828125,3/15/20,,85.905
It6,7,208,601,2,4.576,5.187,0.0030625,3/15/20,vln,74.568
It6,7,208,602,3,5.013,6.373,0,3/15/20,,100.367
It6,8,209,603,1,4.52,5.865,0,3/15/20,,83.283
It6,8,209,604,2,4.282,6.76,0.0495,3/15/20,,90.937
It6,8,209,605,3,4.034,7.229,0.04075,3/15/20,,91.614
It6,9,213,611,1,4.472,5.605,0,3/15/20,vln,78.746
It6,9,213,612,2,5.054,6.584,0.096875,3/15/20,,104.538
It6,9,225,645,3,4.433,6.393,0.11121875,3/15/20,,89.033
It6,10,225,649,1,4.029,5.637,0.01121875,3/15/20,vln,71.35
It6,10,225,650,2,4.272,6.397,0.00546875,3/15/20,,85.853
It6,10,225,651,3,4.994,6.369,0.0950625,3/15/20,,99.924
It6,11,273,790,1,3.819,6.027,0,3/17/20,maybe the sack got damaged before nectar collection,72.31
It6,11,273,791,2,4.539,5.969,0.008625,3/17/20,,85.116
It8,1,24,60,1,5.547,6.679,0.1839375,2/26/20,,116.391
It8,1,24,61,2,5.19,6.985,0.0685,2/26/20,,113.889
It8,1,24,212,3,6.183,7.021,0.16453125,3/3/20,,136.379
It8,2,76,191,1,6.333,7.75,0.1331875,3/2/20,,154.192
It8,2,76,192,2,6.798,6.479,0.01140625,3/2/20,,138.369
It8,2,76,240,3,6.696,6.739,0.1770625,3/3/20,,141.762
It8,3,89,258,1,6.114,6.027,0.20053125,3/3/20,,115.765
It8,3,89,259,2,7.015,7.065,0.23709375,3/3/20,,155.7
It8,3,89,260,3,7.521,7.144,0.2680625,3/3/20,,168.798
It8,4,100,296,1,5.471,7.598,0.055625,3/4/20,,130.592
It8,5,117,348,1,7.044,8.41,0.28146875,3/6/20,nectar stops at shadow (a lot),186.108
It8,5,117,349,2,5.53,5.713,0.031875,3/6/20,,99.252
It8,5,117,350,3,5.995,7.716,0.09440625,3/6/20,,145.322
It8,6,134,483,1,4.897,6.23,,3/12/20,,95.845
It8,6,134,484,2,4.763,6.422,0.03059375,3/12/20,,96.095
It8,6,134,485,3,4.598,6.308,0.03246875,3/12/20,,91.119
It8,7,172,495,1,4.788,6.053,0.01725,3/12/20,,91.049
It8,7,172,496,2,4.533,5.901,0.0169375,3/12/20,,84.035
It8,7,172,497,3,4.544,5.43,0.007875,3/12/20,,77.515
It8,8,174,501,1,4.707,5.952,0,3/12/20,,88.015
It8,8,174,502,2,4.901,6.022,0.0625625,3/12/20,,92.72
It8,8,174,503,3,4.49,5.942,0.06921875,3/12/20,,83.816
It8,9,179,516,1,5.383,7.959,0.05109375,3/13/20,,134.596
It8,9,179,517,2,4.883,6.109,0,3/13/20,,93.714
It8,9,179,518,3,5.491,8.073,0.1441875,3/13/20,,139.263
It8,10,246,711,1,5.098,6.224,0.1280625,3/16/20,,99.682
It8,10,246,712,2,3.916,5.659,0.09453125,3/16/20,,69.62
It8,10,246,713,3,3.382,4.4,0.0993125,3/16/20,,46.749
It9,1,67,227,1,5.411,6.076,0.14515625,3/3/20,,103.287
It9,1,67,228,2,4.286,4.864,0.06065625,3/3/20,,65.493
It9,1,67,285,3,5.23,5.605,0.083875,3/4/20,,92.093
It9,2,94,273,1,5.249,8.578,0.187875,3/4/20,,141.453
It9,2,94,274,2,4.929,8.2,0.30446875,3/4/20,,126.976
It9,2,94,275,3,4.298,4.873,0.02134375,3/4/20,,65.798
It9,3,116,351,1,6.406,6.99,0.098375,3/6/20,,140.674
It9,3,116,352,2,5.448,7.161,0.18053125,3/6/20,,122.563
It9,3,116,353,3,5.768,6.895,0.1143125,3/6/20,,124.942
It9,4,215,629,1,4.631,5.69,0.03715625,3/15/20,,82.782
It9,4,215,630,2,4.057,6.116,,3/15/20,,77.951
It9,4,215,631,3,4.299,5.954,0.04596875,3/15/20,,80.413
It9,5,216,632,1,4.032,6.277,0.055625,3/15/20,,79.51
It9,5,216,633,2,3.913,5.759,0.05846875,3/15/20,,70.796
It9,6,217,634,1,4.746,4.795,0.11334375,3/15/20,,71.493
It9,6,217,635,2,4.448,5.681,0.0431875,3/15/20,,79.385
It9,6,217,636,3,4.37,5.038,0.06940625,3/15/20,,69.165
It9,7,219,622,1,4.55,4.381,0.02409375,3/15/20,,62.623
It9,7,219,623,2,5.167,5.944,0.0875625,3/15/20,,96.487
It9,7,219,624,3,3.273,4.421,0.01425,3/15/20,vln,45.459
It9,8,222,640,1,4.269,6.065,0.05378125,3/15/20,,81.34
It9,8,222,641,2,3.715,6.313,0.09334375,3/15/20,,73.679
It9,8,222,642,3,4.947,5.842,0.09590625,3/15/20,,90.793
It9,9,223,646,1,5.009,5.826,0.07253125,3/15/20,,91.679
It9,9,223,647,2,3.899,5.451,0.0879375,3/15/20,,66.77
It9,9,223,648,3,4.405,5.946,0.04015625,3/15/20,,82.285
It9,10,224,643,1,4.574,5.743,0.07478125,3/15/20,,82.525
It9,10,224,644,2,4.577,5.233,0.02365625,3/15/20,,75.246
S1,1,95,276,1,4.178,5.053,0.07915625,3/4/20,,66.323
S1,1,95,277,2,3.655,4.636,0.03265625,3/4/20,,53.233
S1,1,95,278,3,3.367,4.977,0.03565625,3/4/20,,52.645
S1,2,103,303,1,4.103,5.363,0,3/4/20,,69.129
S1,2,103,304,2,3.888,6.079,0.04746875,3/4/20,,74.252
S1,2,103,305,3,4.361,4.634,0.02584375,3/4/20,,63.488
S1,3,120,360,1,3.557,4.109,0.01840625,3/6/20,,45.917
S1,3,120,361,2,3.948,4.079,0.0243125,3/6/20,,50.592
S1,3,120,362,3,4.181,4.163,0.02584375,3/6/20,,54.681
S1,4,155,424,1,3.81,4.012,0.019625,3/11/20,,48.021
S1,4,155,425,2,3.775,4.362,0,3/11/20,,51.731
S1,4,155,426,3,3.517,3.806,0.01803125,3/11/20,,42.052
S1,5,169,486,1,NA,NA,0.02828125,3/12/20,,NA
S1,5,169,487,2,3.506,3.878,0.01253125,3/12/20,,42.714
S1,5,169,488,3,3.735,4.704,0.098625,3/12/20,,55.196
S1,6,170,489,1,NA,NA,0.038,3/12/20,,NA
S1,6,170,490,2,4.148,4.685,0.01571875,3/12/20,,61.052
S1,6,170,491,3,3.878,4.64,0.03478125,3/12/20,,56.53
S1,7,171,492,1,4.48,5.341,0.055125,3/12/20,,75.171
S1,7,171,493,2,4.109,5.308,0.0669375,3/12/20,,68.52
S1,7,171,494,3,3.851,4.486,0.055875,3/12/20,,54.273
S1,8,175,504,1,3.349,3.997,0,3/13/20,,42.053
S1,8,175,505,2,2.996,3.323,0,3/13/20,,31.277
S1,8,175,506,3,2.825,3.009,0,3/13/20,,26.705
S1,9,180,519,1,3.548,4.207,0.02715625,3/13/20,,46.893
S1,10,181,520,1,4.353,5.545,0.12596875,3/13/20,,75.83
S1,10,181,521,2,4.403,5.99,0.06290625,3/13/20,,82.856
S1,10,181,522,3,4.165,4.448,0,3/13/20,,58.201
S1,11,193,554,1,4.795,5.206,0.06171875,3/13/20,strange fruit,78.423
S1,11,193,555,2,NA,NA,0.05328125,3/13/20,,NA
S1,11,193,556,3,3.182,4.468,0.05371875,3/13/20,,44.665
S1,12,236,682,1,NA,NA,0.0903125,3/16/20,grown fruit,NA
S1,12,236,683,2,3.992,4.808,0.129125,3/16/20,,60.298
S1,13,247,714,1,NA,NA,0.0619375,3/16/20,,NA
S1,13,247,715,2,3.785,4.907,0.02209375,3/16/20,,58.349
S1,14,276,798,1,3.57,4.548,0,3/18/20,,51.008
S1,14,276,799,2,3.831,4.393,0,3/18/20,,52.872
S1,15,306,863,1,NA,NA,0.0324375,3/19/20,,NA
S1,15,306,864,2,NA,NA,0.02296875,3/19/20,,NA
S1,15,306,865,3,3.844,4.383,0.03246875,3/19/20,,52.93
,,91,264,1,5.904,6.609,0.04725,3/3/20,,122.583
,,91,265,2,5.849,6.969,0.0860625,3/3/20,,128.056
,,91,266,3,6.09,6.592,0.1276875,3/3/20,,126.12
,,104,306,1,3.148,5.33,0.083125,3/4/20,grown fruit (but sure that was marked properly),52.712
,,104,307,2,3.401,5.4,0.117625,3/4/20,grown fruit (but sure that was marked properly),57.697
,,104,308,3,3.253,5.639,0.067125,3/4/20,grown fruit (but sure that was marked properly),57.628
,,121,363,1,4.447,6.565,0.042625,3/6/20,,91.717
,,121,433,2,5.319,6.898,0.01815625,3/11/20,,115.266
,,121,434,3,5.554,6.82,0.08178125,3/11/20,,118.998
,,182,523,1,4.887,7.262,0.05071875,3/13/20,,111.493
,,182,524,2,5.238,7.752,0.07115625,3/13/20,,127.564
,,182,525,3,5.518,8.299,0.0975625,3/13/20,,143.866
,,190,542,1,2.569,3.328,0.0200625,3/13/20,,26.859
,,190,543,2,3.482,3.872,0.04384375,3/13/20,,42.356
,,190,544,3,2.591,3.522,0.0159375,3/13/20,,28.669
,,201,571,1,3.375,4.098,0.02065625,3/13/20,,43.451
,,201,572,2,3.058,3.611,0.0445,3/13/20,,34.691
,,201,573,3,3.277,3.982,0.03775,3/13/20,,40.995
,,206,594,1,4.561,5.967,0.085375,3/15/20,,85.5
,,206,595,2,5.247,5.609,0.14565625,3/15/20,,92.458
,,206,596,3,5.012,6.369,0.14146875,3/15/20,,100.284
,,211,608,1,3.014,3.796,0.1305,3/15/20,,35.943
,,211,609,2,3.879,4.945,0,3/15/20,,60.261
,,211,610,3,4.396,5.506,0.02275,3/15/20,,76.04
,,237,684,1,3.178,3.29,0,3/16/20,,32.847
,,237,685,2,3.172,3.339,0.0270625,3/16/20,,33.274
,,237,686,3,3.546,4.292,0.029875,3/16/20,,47.813
,,259,749,1,3.7,5.745,0,3/17/20,,66.779
,,259,750,2,4.277,3.7,0.0218125,3/17/20,,49.715
,,259,751,3,5.3,7.332,0.124625,3/17/20,,122.081
,,274,792,1,5.17,7.809,0.2121875,3/17/20,,126.834
,,274,793,2,4.338,7.117,0.01915625,3/17/20,,96.992
,,274,794,3,4.416,6.866,0.009875,3/17/20,,95.254
,,275,795,1,3.878,6.67,0.12296875,3/18/20,,81.261
,,275,796,2,4.443,5.911,0.1894375,3/18/20,slightly old flower,82.506
,,275,797,3,3.439,4.246,0.04603125,3/18/20,,45.873
,,296,847,1,3.651,4.137,0.00740625,3/19/20,vln,47.451
,,296,848,2,3.612,4.276,0.00321875,3/19/20,vln,48.522
,,296,849,3,3.548,4.625,0.0554375,3/19/20,,51.552
,,297,850,1,2.218,3.381,0.05890625,3/19/20,,23.559
,,297,851,2,2.3,2.487,0,3/19/20,,17.97
,,297,852,3,2.69,3.407,0,3/19/20,,28.792
,,NA,529,,NA,NA,,3/13/20,,NA
,,NA,613,,NA,NA,,3/15/20,,NA
,,NA,628,,NA,NA,,3/15/20,,NA
,,NA,958,,NA,NA,,3/23/20,,NA
,,NA,959,,NA,NA,,3/23/20,,NA
,,,736,,NA,NA,NA,,,NA